request_id,amount_safe_to_pay,affordability_status,recommended_payment_method,payment_plan,earliest_date_for_full_payment,spending_changes_needed,decision_explanation
request_26,15656000,affordable_now,full_payment,2025-08-03:15656000,2025-08-03,none,Pay IDR 15656000 in full on 2025-08-03. This leaves at least IDR 24768300 available over the next 90 days.
request_27,6670,affordable_now,full_payment,2026-07-05:6670,2026-07-05,none,Pay ZAR 6670 in full on 2026-07-05. This leaves at least ZAR 20500 available over the next 90 days.
request_28,222.42,not_affordable,not_recommended,none,,none,You can't make this investment right now without dropping below your minimum balance of EUR 1100.
request_29,51524,affordable_now,full_payment,2025-11-04:51524,2025-11-04,none,"Investing ZAR 51,524 will still leave you with at least ZAR 28,300 available to cover your upcoming bills over the next 90 days."
request_30,775.2,affordable_with_plan,installments,2026-04-06:268.74|2026-05-06:268.74|2026-06-05:268.74,2026-04-06,none,"Use 3 installments of USD 268.74, starting 2026-04-06. This leaves at least USD 900 available."
request_31,2370603.63,affordable_later,wait,2024-11-16:18164000,2024-11-16,none,"Paying for the laptop today would leave you short for your regular expenses, so it's best to wait until November 16, 2024, to pay the full amount of IDR 18,164,000."
request_32,16820.68,affordable_with_plan,wait,2025-04-18:40018,,reduce_to:event_2929:1181.4,"You can afford the full trip cost of ZAR 40,018 by waiting until April 18, 2025, but you'll need to reduce your spending on bakery and snacks to ZAR 1,181.4 to avoid risking your upcoming bills."
request_33,41974.34,affordable_later,wait,2026-03-15:118000,2026-03-15,none,"Paying the full deposit of INR 118,000 on March 15, 2026, will ensure you don't risk falling below your minimum balance of INR 102,100."
request_34,129400,affordable_now,full_payment,2024-12-04:129400,2024-12-04,none,"You can safely book the family trip for INR 129,400 today, as you will still have at least INR 138,500 available over the next 90 days."
request_35,24341.67,affordable_later,wait,2026-01-16:212000,2026-01-16,none,"It's safer to wait until 16 January 2026 to book your trip and pay the full INR 212,000. Paying sooner could put your minimum balance of INR 106,400 at risk."
request_36,584.06,affordable_with_plan,wait,2026-09-13:3954,,reduce_to:event_3306:64.5|reduce_to:event_3261:36,"It's safe to cover the full course fee of USD 3,954 by the deadline on September 13, 2026, but paying sooner could put your minimum balance of USD 2,400 at risk. To manage this, you'll need to reduce your family dinner budget to USD 64.5 and your video streaming plan to USD 36."
request_37,0,not_affordable,not_recommended,none,,none,"You shouldn't make this payment because it will leave you below the minimum balance of IDR 17,056,200 needed over the next 90 days."
request_38,233,affordable_later,wait,2025-10-13:971.3,2025-10-13,none,"Wait until October 13, 2025, to pay the full EUR 971.30 for the repair. Paying sooner could risk your ability to cover essential expenses."
request_39,134636.16,affordable_later,wait,2026-06-16:208600,2026-06-16,none,"Wait until June 16, 2026, to pay the full INR 208,600 for the rental deposit. Paying any sooner could put your other essential expenses at risk."
request_40,350.29,affordable_later,wait,2024-06-14:1290.3,2024-06-14,none,"You can pay the full EUR 1,290.30 for the professional course on June 14, 2024, without cutting into your essentials, but paying sooner would put your EUR 1,500 minimum at risk."
request_41,8629240.26,affordable_later,wait,2026-01-16:38760000,2026-01-16,none,"You should wait until January 16, 2026, to pay the full amount of IDR 38,760,000. Paying sooner could risk your minimum balance of IDR 25,366,600."
request_42,0,not_affordable,not_recommended,none,,none,It's best not to make this payment right now as there's no safe way to keep your minimum balance of INR 113100 protected within the next 90 days.
request_43,9830228.11,affordable_later,wait,2024-09-15:43339000,2024-09-15,none,"It's best to wait until September 15, 2024, to buy the laptop. Paying sooner could risk your minimum balance of IDR 21,398,000."
request_44,38347.37,affordable_later,wait,2025-04-18:95800,2025-04-18,none,"Paying the course fee now would put your regular commitments at risk, so it's best to wait until April 18, 2025, to pay the full INR 95,800."
request_45,3452296.29,affordable_with_plan,wait,2026-09-13:21983000,,reduce_to:event_4189:356250|stop:event_4144,"To safely cover the laptop price today, you'd need to reduce your coffee shop spending to IDR 356,250 and stop your video streaming plan, but this would put your minimum savings of IDR 11,149,800 at risk. It's best to wait until September 13, 2026, to pay the full amount."
request_46,34938.54,affordable_with_plan,partial_payment,2024-12-03:34938.54|2024-12-15:14511.46,2024-12-15,none,"To safely meet your goal, pay INR 34,938.54 now and INR 14,511.46 on December 15, 2024. This will complete your extra repayment while keeping the minimum of INR 84,000 protected."
request_47,38114000,affordable_now,full_payment,2025-05-05:38114000,2025-05-05,none,Pay IDR 38114000 in full on 2025-05-05. This leaves at least IDR 30049000 available over the next 90 days.
request_48,45700,affordable_now,full_payment,2026-07-25:45700,2026-07-25,none,"You can send INR 45,700 to your family and still have at least INR 71,300 left in your account over the next 90 days."
request_49,11214232.38,affordable_with_plan,installments,2024-03-18:11902106.67|2024-04-18:11902106.67|2024-05-19:11902106.67,2024-04-17,none,"You can safely put IDR 11,902,106.67 toward the booking today, as this will leave you with at least IDR 20,275,700 available."
request_50,0,not_affordable,not_recommended,none,,none,"It would be safer to wait and not book the trip now, as there's no safe way to keep your minimum balance of INR 99700 protected within the next 90 days."
request_51,2191000,affordable_now,full_payment,2026-01-03:2191000,2026-01-03,none,Pay IDR 2191000 in full on 2026-01-03. This leaves at least IDR 7811000 available over the next 90 days.
request_52,23752.51,affordable_later,wait,2024-06-14:28870,2024-06-14,none,"You should wait until June 14, 2024, to pay the full INR 28,870 for the repair. Paying any sooner could risk falling below your minimum balance of INR 41,500."
request_53,555.95,affordable_with_plan,installments,2025-11-21:589.06|2025-12-19:589.06|2026-01-16:589.06,2026-01-13,none,"Use 3 installments of USD 589.06, starting 2025-11-21. This leaves at least USD 2100 available."
request_54,2173.56,not_affordable,not_recommended,none,,none,"You won't be able to cover the deposit without risking your rent and regular bills, as there's no safe way to keep the minimum balance of ZAR 37000 protected over the next 90 days."
request_55,129870.32,affordable_with_plan,installments,2026-06-11:75781.33|2026-07-12:75781.33|2026-08-12:75781.33,2026-07-14,none,"Use 3 installments of INR 75781.33, starting 2026-06-11. This leaves at least INR 124300 available."
request_56,630.5,affordable_with_plan,partial_payment,2025-02-03:630.5|2025-02-15:251.06,2025-02-15,none,"Paying USD 630.5 now and USD 251.06 on February 15, 2025, will cover the laptop and still keep your minimum of USD 2100 protected for your regular expenses."
request_57,12942.92,affordable_later,wait,2026-06-13:61446,2026-06-13,none,"Wait until June 13, 2026, to pay the full ZAR 61,446 for the course. Paying sooner could put your ZAR 42,700 minimum at risk."
request_58,0,not_affordable,not_recommended,none,,none,"It's not safe to make this payment right now because no payment plan can keep the minimum balance of IDR 14,433,900 protected within the next 90 days."
request_59,140600,affordable_with_plan,installments,2025-05-07:48741.33|2025-06-04:48741.33|2025-07-02:48741.33,2025-05-04,none,"Use 3 installments of INR 48741.33, starting 2025-05-07. This leaves at least INR 132600 available."
request_60,165.5,affordable_later,wait,2026-02-13:199.89,2026-02-13,none,"It's best to wait until February 13, 2026, to pay the full USD 199.89 for the rental deposit. Paying sooner could risk dropping your balance below the USD 400 minimum."
request_61,29062,affordable_with_plan,installments,2024-03-17:10074.83|2024-04-17:10074.83|2024-05-18:10074.83,2024-03-03,none,"Paying for the laptop today would still leave you with at least ZAR 36,700 for your regular expenses."
request_62,404.23,affordable_now,full_payment,2025-08-05:404.23,2025-08-05,none,"You can make the extra loan payment of USD 404.23 now, and you'll still have at least USD 1300 available for essential expenses over the next 90 days."
request_63,37164.75,not_affordable,not_recommended,none,,none,"The laptop isn't affordable right now, as you won't be able to maintain the minimum balance of INR 153,500 safely over the next 90 days. It's best to wait."
request_64,0,not_affordable,not_recommended,none,,none,It's best not to make this payment right now since there's no safe way to keep the minimum balance of INR 36100 protected over the next 90 days.
request_65,7126.69,not_affordable,not_recommended,none,,none,"Paying for the annual membership now would drop your balance below the minimum required, so it's not safe to make this payment."
request_66,22200,affordable_now,full_payment,2026-04-03:22200,2026-04-03,none,"You can safely pay the full amount of INR 22,200 today, as it will still leave you with at least INR 80,700 available over the next 90 days."
request_67,284.84,affordable_later,wait,2024-11-16:2094,2024-11-16,none,"You should wait until November 16, 2024, to pay the full amount of USD 2,094 for the repair. Paying any sooner could risk falling below the USD 1,200 minimum."
request_68,1325.64,affordable_with_plan,installments,2025-02-14:725.09|2025-03-14:725.09|2025-04-11:725.09,2025-03-24,reduce_to:event_6331:24.8,"You can put USD 1,500 toward the loan today by reducing your household shopping to USD 24.8."
request_69,529.1,affordable_now,full_payment,2026-01-04:529.1,2026-01-04,none,Investing EUR 529.10 will leave you with at least EUR 700 available for your upcoming bills over the next 90 days.
request_70,50095.21,affordable_later,wait,2025-02-16:243900,2025-02-16,none,"It's best to wait until February 16, 2025, to pay the full INR 243,900 for the annual membership. Paying sooner could risk your ability to cover your regular expenses, which require at least INR 115,000."
request_71,643264.14,affordable_later,wait,2025-06-15:21451000,2025-06-15,none,"You should wait until June 15, 2025, to pay the full IDR 21,451,000 rental deposit. Paying sooner could risk dipping below your minimum balance of IDR 8,884,800."
request_72,11330,affordable_now,full_payment,2026-07-05:11330,2026-07-05,none,"You can send your family ZAR 11,330 without falling short on your own bills, as you will still have at least ZAR 12,200 available over the next 90 days."
request_73,71400,affordable_now,full_payment,2023-01-20:71400,2023-01-20,none,"Yes, you can cover the full repair cost of INR 71,400 and still have at least INR 103,200 available for your essential expenses over the next 90 days."
request_74,5010,affordable_now,full_payment,2025-08-04:5010,2025-08-04,none,Pay ZAR 5010 in full on 2025-08-04. This leaves at least ZAR 21900 available over the next 90 days.
request_75,27921.93,affordable_with_plan,installments,2026-04-09:9800.27|2026-05-09:9800.27|2026-06-08:9800.27,,reduce_to:event_6998:991.1,"Use 3 installments of ZAR 9800.27, starting 2026-04-09. This leaves at least ZAR 39000 available. This requires reducing Quick-service meal (dining) to ZAR 991.1."
request_76,997.28,not_affordable,not_recommended,none,2024-07-08,none,You shouldn't make this payment right now because there's no safe way to keep your minimum balance of USD 1800 protected over the next 90 days.
request_77,59688.6,affordable_later,wait,2025-11-14:60700,2025-11-14,none,"Wait until November 14, 2025, to pay the full rental deposit of INR 60,700. Paying it sooner could risk falling below the minimum balance of INR 82,200."
request_78,46207.25,affordable_later,wait,2025-11-16:50200,2025-11-16,none,"It's best to wait until November 16, 2025, to buy the laptop for INR 50,200. Paying sooner could risk your minimum balance of INR 55,200."
request_79,703.25,not_affordable,not_recommended,none,,none,You shouldn't buy the laptop now because it will drop your balance below the EUR 1000 minimum within the next 90 days.
request_80,120641.21,not_affordable,not_recommended,none,2025-02-20,none,Do not make this payment. No safe payment plan keeps the INR 121300 minimum balance protected within the next 90 days.
request_81,2076,affordable_now,full_payment,2026-07-03:2076,2026-07-03,none,"Paying for the trip now will leave you with at least $1600 for the rest of the month, so you should have enough to cover your other expenses."
request_82,269.85,affordable_later,wait,2025-02-21:1405.2,2025-02-21,none,"You can make the full transfer of USD 1,405.20, but wait until February 21, 2025, to avoid falling short on your own bills."
request_83,12367.85,not_affordable,not_recommended,none,,none,"You should not make this payment because there is no safe way to keep your minimum balance of INR 37,800 protected within the next 90 days."
request_84,32355.55,affordable_later,wait,2026-06-13:95400,2026-06-13,none,"Paying the course fee now would put your regular commitments at risk, so it's best to wait until June 13, 2026, to pay the full INR 95,400."
request_85,399639.46,not_affordable,not_recommended,none,,none,"The deposit is not affordable right now, as you won't be able to keep the minimum balance of IDR 6,396,300 protected over the next 90 days."
request_86,46300,affordable_now,full_payment,2025-08-03:46300,2025-08-03,none,Pay INR 46300 in full on 2025-08-03. This leaves at least INR 84900 available over the next 90 days.
request_87,17963.77,not_affordable,not_recommended,none,,none,Committing to the membership would leave you short of the minimum balance needed for your upcoming bills within the next 90 days. It's best to avoid this payment.
request_88,10759.01,affordable_with_plan,installments,2024-06-14:9045.23|2024-07-15:9045.23|2024-08-15:9045.23,2024-07-14,none,"Paying the full deposit in 3 installments of ZAR 9045.23, starting on June 14, 2024, will leave you with at least ZAR 25800, which should cover your other commitments."
request_89,9284338.28,affordable_with_plan,installments,2025-11-18:4768746.67|2025-12-16:4768746.67|2026-01-13:4768746.67,2026-01-16,reduce_to:event_8403:203300|reduce_to:event_8337:266760|stop:event_8335,"You can afford the full membership fee by paying in 3 installments of IDR 4,768,746.67 starting on November 18, 2025, but you'll need to reduce your family dinner spending to IDR 203,300, cut your monthly shopping to IDR 266,760, and stop your video streaming plan."
request_90,2560,affordable_now,full_payment,2026-07-06:2560,2026-07-06,none,Pay ZAR 2560 in full on 2026-07-06. This leaves at least ZAR 7600 available over the next 90 days.
request_91,482.49,affordable_later,wait,2024-11-13:1927.2,2024-11-13,none,"You can safely pay the full amount of EUR 1,927.20 on November 13, 2024, but paying sooner would risk dropping below your EUR 2,100 minimum."
request_92,34034,affordable_now,full_payment,2025-02-05:34034,2025-02-05,none,Pay ZAR 34034 in full on 2025-02-05. This leaves at least ZAR 28100 available over the next 90 days.
request_93,1729.2,affordable_now,full_payment,2026-04-07:1729.2,2026-04-07,none,"You can book the family trip now and still cover your usual expenses, as you will have at least USD 1900 available over the next 90 days after paying the full amount of USD 1729.20."
request_94,572,affordable_now,full_payment,2024-12-04:572,2024-12-04,none,Pay EUR 572 in full on 2024-12-04. This leaves at least EUR 600 available over the next 90 days.
request_95,5692.87,not_affordable,not_recommended,none,,none,"You won't be able to afford the course fee without dipping into your essential funds, so it's best not to make this payment."
request_96,73973.61,affordable_with_plan,installments,2026-01-10:31269.33|2026-02-09:31269.33|2026-03-11:31269.33,2026-02-14,none,"Paying for the laptop in 3 installments of INR 31269.33, starting on January 10, 2026, will still leave you with at least INR 56500 for your regular expenses."
request_97,1647.78,affordable_with_plan,installments,2024-03-19:8145.28|2024-04-19:8145.28|2024-05-20:8145.28,2024-04-15,none,"You can safely pay ZAR 8145.28 today as part of your rental deposit, with two more installments due later. This ensures you have at least ZAR 29700 available for other expenses."
request_98,8368.07,affordable_later,wait,2025-08-14:27148,2025-08-14,none,"Wait until August 14, 2025, to pay the full amount of ZAR 27,148 for your family trip. Paying sooner could risk falling below your usual ZAR 30,000 budget."
request_99,17541.57,affordable_later,wait,2026-07-15:18062,2026-07-15,none,"Paying the repair bill today would put your required minimum balance of ZAR 49,100 at risk, so it's best to wait until after July 15, 2026, to pay the full ZAR 18,062."
request_100,26944.26,affordable_with_plan,installments,2024-06-13:12866.19|2024-07-14:12866.19|2024-08-14:12866.19,2024-08-14,none,"You can safely cover ZAR 32,500 of the laptop price today, leaving you to pay the remaining balance in 3 installments of ZAR 12,866.19 starting on June 13, 2024."
request_101,143500,affordable_now,full_payment,2025-11-03:143500,2025-11-03,none,Pay INR 143500 in full on 2025-11-03. This leaves at least INR 187400 available over the next 90 days.
request_102,1716,affordable_with_plan,installments,2026-04-05:594.88|2026-05-05:594.88|2026-06-04:594.88,2026-04-05,none,"Use 3 installments of EUR 594.88, starting 2026-04-05. This leaves at least EUR 900 available."
request_103,9870.93,not_affordable,not_recommended,none,,none,"It's best not to book the family trip now, as doing so would leave you below your minimum balance of INR 125,500 within the next 90 days."
request_104,17204,affordable_now,full_payment,2025-02-04:17204,2025-02-04,none,"You can buy the laptop now for ZAR 17,204 without making next month's bills tight, as you'll still have at least ZAR 24,700 available over the next 90 days."
request_105,49712.43,affordable_later,wait,2026-06-14:53500,2026-06-14,none,"You can make the extra loan payment of INR 53,500 on June 14, 2026, without risking your upcoming bills, which require a minimum of IN!!!!!!!!!!!!!!!!!!!!!!!!!!!!!!!!!!!!!!!!!!!!!!!!!!!!!!!!!!!!!!!!!!!!!!!!!!!!!!!!!!!!!!!!!!!!!!!!!!!!!!!!!!!!!!!!!!!!!!!!!!!!!!!!!!!!!!!!!!!!!!!!!!!!!!!!!!!!!!!You can make the extra loan payment of INR 53,500 on June 14, 2026, without risking your upcoming bills, which require a minimum of INR 73,900. Paying sooner would put this amount at risk."
request_106,463.92,affordable_later,wait,2024-12-15:2207.7,2024-12-15,none,"It's best to wait until 15 December 2024 and pay the full EUR 2,207.70 at that time. Paying sooner could risk dropping below the EUR 1,200 minimum balance."
request_107,2415.18,affordable_with_plan,installments,2025-05-08:878.59|2025-06-05:878.59|2025-07-03:878.59,2025-05-15,none,"Use 3 installments of EUR 878.59, starting 2025-05-08. This leaves at least EUR 1600 available."
request_108,3471.02,affordable_later,wait,2026-08-17:55308,2026-08-17,none,"Wait until August 17, 2026, to pay the full amount of ZAR 55,308. Paying sooner could risk falling below your minimum balance of ZAR 24,100."
request_109,575.69,affordable_with_plan,installments,2024-03-18:645.98|2024-04-18:645.98|2024-05-19:645.98,2024-05-16,stop:event_10081,"Use 3 installments of EUR 645.98, starting 2024-03-18. This leaves at least EUR 1700 available. This requires stopping Video streaming plan (streaming)."
request_110,22352,affordable_with_plan,installments,2025-08-06:7748.69|2025-09-03:7748.69|2025-10-01:7748.69,2025-08-06,none,"You can safely send ZAR 11,200 to your family today."
request_111,11034719.39,not_affordable,not_recommended,none,,none,Do not make this payment. No safe payment plan keeps the IDR 23022800 minimum balance protected within the next 90 days.
request_112,271.7,affordable_now,full_payment,2024-06-05:271.7,2024-06-05,none,Pay EUR 271.7 in full on 2024-06-05. This leaves at least EUR 500 available over the next 90 days.
request_113,20408.66,affordable_later,wait,2026-10-14:36500,2026-10-14,none,"You can't put an extra INR 36,500 toward your loan right now without risking the minimum payment of INR 82,300. Wait until October 14, 2026, to make the full payment."
request_114,59028.28,affordable_later,wait,2026-02-13:65300,2026-02-13,none,"It's best to wait until February 13, 2026, to pay the full INR 65,300 for the membership. Paying sooner could put your minimum balance of INR 113,400 at risk."
request_115,14723.49,affordable_later,wait,2024-11-13:80500,2024-11-13,none,"Wait until November 13, 2024, to pay the full INR 80,500 for the annual membership. Paying sooner could risk your ability to meet the INR 38,800 minimum."
request_116,7976.44,not_affordable,not_recommended,none,,none,"It's best not to make this payment as there's no safe way to keep the minimum balance of INR 80,300 protected over the next 90 days."
request_117,861.16,affordable_later,wait,2026-07-15:880,2026-07-15,none,"Es mejor esperar hasta el 15 de julio de 2026 para pagar el depósito de alquiler de EUR 880, ya que pagar antes pondría en riesgo tu saldo mínimo de EUR 1000."
request_118,569.73,not_affordable,not_recommended,none,2025-02-21,none,Paying the full deposit would leave you below the EUR 600 minimum balance needed for your other commitments over the next 90 days. It's best to avoid making this payment.
request_119,61146.02,affordable_with_plan,installments,2025-05-18:70546.67|2025-06-15:70546.67|2025-07-13:70546.67,2025-06-14,none,"Paying the course fee in 3 installments of INR 70,546.67, starting on 18 May 2025, will still leave you with at least INR 151,200 for your regular commitments."
request_120,7714000,affordable_now,full_payment,2026-04-06:7714000,2026-04-06,none,"You can invest IDR 7,714,000 now without affecting your essential payments, as you will still have at least IDR 20,050,300 available over the next 90 days."
request_121,633.6,affordable_now,full_payment,2024-03-03:633.6,2024-03-03,none,"Paying the full extra repayment of USD 633.60 on 2024-03-03 is safe, as you will still have at least USD 800 available over the next 90 days."
request_122,20558000,affordable_with_plan,installments,2025-08-05:7126773.33|2025-09-02:7126773.33|2025-09-30:7126773.33,2025-08-05,none,"Use 3 installments of IDR 7126773.33, starting 2025-08-05. This leaves at least IDR 12588500 available."
request_123,4076000,affordable_now,full_payment,2026-01-07:4076000,2026-01-07,none,Pay IDR 4076000 in full on 2026-01-07. This leaves at least IDR 18091200 available over the next 90 days.
request_124,1389.28,affordable_with_plan,installments,2024-06-11:1076.12|2024-07-12:1076.12|2024-08-12:1076.12,2024-07-16,reduce_to:event_11480:38,"You can afford the full membership fee by paying it in 3 installments of EUR 1076.12, starting on June 11, 2024, which will leave you with at least EUR 1600 available. However, you'll need to reduce your family dinner expenses to EUR 38."
request_125,6468,affordable_now,full_payment,2025-11-06:6468,2025-11-06,none,"Booking the trip now for ZAR 6,468 is safe since you'll still have at least ZAR 11,300 available over the next 90 days."
request_126,159600,affordable_now,full_payment,2026-07-03:159600,2026-07-03,none,Pay INR 159600 in full on 2026-07-03. This leaves at least INR 129700 available over the next 90 days.
request_127,0,not_affordable,not_recommended,none,,none,Do not make this payment. No safe payment plan keeps the ZAR 41000 minimum balance protected within the next 90 days.
request_128,25168,affordable_now,full_payment,2025-02-07:25168,2025-02-07,none,Pay ZAR 25168 in full on 2025-02-07. This leaves at least ZAR 42600 available over the next 90 days.
request_129,114.46,not_affordable,not_recommended,none,,none,Paying the course fee now would not leave enough for your regular commitments and could drop your balance below the minimum required.
request_130,375.79,affordable_later,wait,2025-01-16:1978.8,2025-01-16,none,"To ensure you meet the minimum requirement, wait until January 16, 2025, and send the full USD 1,978.80. Sending it earlier could put the USD 1,400 minimum at risk."
request_131,1128.75,not_affordable,not_recommended,none,2025-07-25,none,It's not safe to cover the full course fee by the deadline because no payment plan can keep your minimum balance of USD 1100 protected within the next 90 days.
request_132,308.18,affordable_later,wait,2026-03-15:379.86,2026-03-15,none,"You can make the full transfer of USD 379.86 to your family on March 15, 2026, without falling short on your own bills. Paying sooner would risk dropping below the USD 1100 minimum."
request_133,15770000,not_affordable,not_recommended,none,2024-03-07,none,"The laptop isn't affordable right now because you need to keep at least IDR 9,986,200 protected in your account over the next 90 days. It's best to wait."
request_134,4513932.06,affordable_later,wait,2025-10-16:21831000,2025-10-16,none,"It's best to wait until 16 October 2025 to buy the laptop for IDR 21,831,000. Paying sooner would make your next month's bills tight, as you need to keep at least IDR 15,902,500."
request_135,281.3,affordable_later,wait,2026-07-15:304.8,2026-07-15,none,"It's best to wait until July 15, 2026, to pay the full deposit of USD 304.80. Paying sooner could risk your USD 500 minimum balance."
request_136,538.32,affordable_later,wait,2024-06-15:560.4,2024-06-15,none,"It's safe to cover the full course fee of USD 560.40 by the deadline of June 15, 2024. Paying any sooner could risk dropping below your USD 1100 minimum."
request_137,25372.13,affordable_with_plan,wait,2026-01-13:80100,,stop:event_12572,"You can make the purchase without dipping into your balance if you wait until January 13, 2026, but you'll need to stop your streaming subscription to do so."
request_138,1146.94,affordable_with_plan,partial_payment,2026-04-07:1146.94|2026-04-14:110,2026-04-14,none,"You can afford the laptop by paying EUR 1146.94 now and EUR 110 on April 14, 2026, which keeps your minimum balance of EUR 2300 protected."
request_139,1796.21,affordable_with_plan,installments,2024-09-07:802.88|2024-10-08:802.88|2024-11-08:802.88,2024-10-16,none,"Use 3 installments of USD 802.88, starting 2024-09-07. This leaves at least USD 1500 available."
request_140,1420.68,not_affordable,not_recommended,none,,none,You should not make this payment as no safe payment plan can protect your minimum balance of ZAR 21600 within the next 90 days.
request_141,20262.29,not_affordable,not_recommended,none,,none,"It's not safe to pay for the annual membership right now because there's no way to protect the minimum balance of INR 67,300 over the next 90 days."
request_142,1263.6,affordable_now,full_payment,2024-12-05:1263.6,2024-12-05,none,Pay USD 1263.6 in full on 2024-12-05. This leaves at least USD 1700 available over the next 90 days.
request_143,2149.99,affordable_later,wait,2025-07-17:12584,2025-07-17,none,"You can cover the full repair cost of ZAR 12,584, but wait until 17 July 2025 to ensure you don't risk your essential expenses, which require at least ZAR 11,300."
request_144,233.34,affordable_now,full_payment,2026-07-04:233.34,2026-07-04,none,Investing USD 233.34 will still leave you with at least USD 600 available for your upcoming bills over the next 90 days.
request_145,11065.44,not_affordable,not_recommended,none,,none,"It would be safer to wait until more money comes in before booking the trip, as there's no safe way to make the payment while keeping the minimum balance of INR 155,400 protected over the next 90 days."
request_146,13525,not_affordable,not_recommended,none,,none,"You should not make this payment because there is no safe way to keep the minimum balance of INR 108,600 protected over the next 90 days."
request_147,472.42,affordable_with_plan,installments,2026-04-08:391.63|2026-05-08:391.63|2026-06-07:391.63,2026-05-14,none,"Use 3 installments of EUR 391.63, starting 2026-04-08. This leaves at least EUR 900 available."
request_148,7226.88,affordable_with_plan,installments,2024-06-14:7710.56|2024-07-15:7710.56|2024-08-15:7710.56,2024-07-14,none,"You can afford the laptop by using 3 installments of ZAR 7710.56, starting on June 14, 2024, and you'll still have at least ZAR 20000 left over."
request_149,24779.66,affordable_with_plan,installments,2025-11-18:12706.03|2025-12-16:12706.03|2026-01-13:12706.03,2025-12-16,none,"You can safely put ZAR 12,706.03 toward the booking today, as this is the first installment of three and you'll still have at least ZAR 42,100 available."
request_150,260.5,not_affordable,not_recommended,none,,none,You shouldn't make this payment because no safe payment plan can keep your EUR 700 minimum balance protected within the next 90 days.
request_151,26999000,affordable_now,full_payment,2024-09-03:26999000,2024-09-03,none,Pay IDR 26999000 in full on 2024-09-03. This leaves at least IDR 31633600 available over the next 90 days.
request_152,11899.08,affordable_with_plan,installments,2025-02-12:4812.43|2025-03-12:4812.43|2025-04-09:4812.43,2025-04-15,reduce_to:event_14024:234.3,"Use 3 installments of ZAR 4812.43, starting 2025-02-12. This leaves at least ZAR 11900 available. This requires reducing Coffee shop (dining) to ZAR 234.3."
request_153,0,not_affordable,not_recommended,none,,none,"The laptop isn't affordable right now, as you won't be able to keep a safe minimum balance of USD 1400 over the next 90 days."
request_154,0,not_affordable,not_recommended,none,,none,You shouldn't make this payment right now. There's no safe way to keep your EUR 1300 minimum balance protected within the next 90 days.
request_155,112500,affordable_now,full_payment,2025-05-06:112500,2025-05-06,none,Pay INR 112500 in full on 2025-05-06. This leaves at least INR 56300 available over the next 90 days.
request_156,11157.47,affordable_later,wait,2026-06-13:43076,2026-06-13,none,"It's best to wait until June 13, 2026, to pay the full ZAR 43,076 for the course fee. Paying sooner could risk dipping below the minimum balance of ZAR 26,900."
request_157,4754264.58,affordable_later,wait,2024-04-17:23503000,2024-04-17,none,"You can make the full investment of IDR 23,503,000, but wait until April 17, 2024, to ensure you don't risk falling below the minimum cash reserve of IDR 15,714,100."
request_158,242600,affordable_with_plan,installments,2025-08-07:84101.33|2025-09-04:84101.33|2025-10-02:84101.33,2025-08-07,none,"Use 3 installments of INR 84101.33, starting 2025-08-07. This leaves at least INR 131400 available."
request_159,13398,affordable_now,full_payment,2026-01-04:13398,2026-01-04,none,"Investing ZAR 13,398 will leave you with at least ZAR 8,700 available for your upcoming bills over the next 90 days."
request_160,573.88,affordable_with_plan,installments,2024-06-13:432.05|2024-07-14:432.05|2024-08-14:432.05,2024-06-14,none,"Booking the trip now using 3 installments of EUR 432.05, starting on June 13, 2024, would still leave you with at least EUR 1200 available, so it should be safe to proceed."
request_161,6812919.89,affordable_later,wait,2026-01-14:21204000,2026-01-14,none,"It's best to wait until January 14, 2026, to make the full extra payment of IDR 21,204,000. Paying sooner could risk falling below the minimum required payment of IDR 23,010,400."
request_162,1381908.06,not_affordable,not_recommended,none,,none,"Committing to the annual membership would not leave enough funds for your upcoming bills, as no safe payment plan can protect the minimum balance of IDR 24,161,100 within the next 90 days."
request_163,7980364.5,not_affordable,not_recommended,none,2024-11-18,none,Do not make this payment. No safe payment plan keeps the IDR 26728700 minimum balance protected within the next 90 days.
request_164,27018000,affordable_with_plan,installments,2025-02-11:9366240|2025-03-11:9366240|2025-04-08:9366240,2025-02-04,none,"You can afford the full membership fee today since you have at least IDR 29,550,500 available, but you could also pay it in 3 installments of IDR 9,366,240 starting on February 11, 2025."
request_165,65295.52,affordable_with_plan,full_payment,2026-04-06:80600,,stop:event_15135|reduce_to:event_15173:1875,"It would be safer to book the trip now since you have at least INR 95,000 available over the next 90 days, but you'll need to stop your video streaming plan and reduce your quick-service meals to INR 1,875."
request_166,2907.6,affordable_with_plan,installments,2024-12-03:1007.97|2025-01-03:1007.97|2025-02-03:1007.97,2024-12-03,none,"You can safely pay USD 1007.97 now, as part of the 3 installments, and still have at least USD 1700 available."
request_167,43802,affordable_now,full_payment,2025-05-05:43802,2025-05-05,none,"You can safely pay the full ZAR 43,802 as the rental deposit today, which will still leave you with at least ZAR 31,200 available over the next 90 days."
request_168,30632.33,affordable_with_plan,partial_payment,2026-01-07:30632.33|2026-03-15:18747.67,2026-03-15,none,Pay INR 30632.33 now and INR 18747.67 on 2026-03-15. This completes the full request and keeps the INR 114400 minimum protected.
request_169,41976,affordable_now,full_payment,2024-03-04:41976,2024-03-04,none,"Paying the full course fee of ZAR 41,976 now will still leave you with at least ZAR 18,700 for your regular commitments over the next 90 days."
request_170,31353525.39,affordable_with_plan,installments,2025-08-06:12804480|2025-09-03:12804480|2025-10-01:12804480,2025-09-13,none,"Use 3 installments of IDR 12804480, starting 2025-08-06. This leaves at least IDR 24715800 available."
request_171,33.79,not_affordable,not_recommended,none,,none,Do not make this payment. No safe payment plan keeps the EUR 500 minimum balance protected within the next 90 days.
request_172,10200,affordable_with_plan,installments,2024-06-05:5304|2024-07-03:5304,2024-06-05,none,"Use 2 installments of ZAR 5304, starting 2024-06-05. This leaves at least ZAR 27200 available."
request_173,63454.56,affordable_with_plan,installments,2025-11-21:39173.33|2025-12-19:39173.33|2026-01-16:39173.33,2025-11-14,none,"Use 3 installments of INR 39173.33, starting 2025-11-21. This leaves at least INR 79100 available."
request_174,1146.2,affordable_with_plan,installments,2026-04-04:397.35|2026-05-04:397.35|2026-06-03:397.35,2026-04-04,none,"Use 3 installments of EUR 397.35, starting 2026-04-04. This leaves at least EUR 700 available."
request_175,2346.3,affordable_now,full_payment,2024-09-06:2346.3,2024-09-06,none,Pay EUR 2346.3 in full on 2024-09-06. This leaves at least EUR 1700 available over the next 90 days.
request_176,464.04,affordable_later,wait,2025-03-10:1239.7,2025-03-10,none,"Paying for the family trip now would put your minimum balance of EUR 600 at risk, so it's best to wait until March 10, 2025, to pay the full amount of EUR 1239.70."
request_177,1017.6,affordable_now,full_payment,2026-01-05:1017.6,2026-01-05,none,"You can pay the full amount of USD 1,017.60 for the repair, and you'll still have at least USD 1,300 available over the next 90 days."
request_178,2938.1,affordable_with_plan,installments,2024-12-07:1018.54|2025-01-07:1018.54|2025-02-07:1018.54,2024-12-07,none,"Use 3 installments of EUR 1018.54, starting 2024-12-07. This leaves at least EUR 1400 available."
request_179,6658951.16,affordable_later,wait,2025-07-17:41648000,2025-07-17,none,"Paying the additional IDR 41,648,000 on 17 July 2025 will ensure you don't risk the minimum payment of IDR 41,430,800. It's best to wait until then to make the full payment."
request_180,66500,affordable_now,full_payment,2026-07-06:66500,2026-07-06,none,Pay INR 66500 in full on 2026-07-06. This leaves at least INR 37300 available over the next 90 days.
request_181,413.45,not_affordable,not_recommended,none,,none,Do not make this payment. No safe payment plan keeps the USD 2000 minimum balance protected within the next 90 days.
request_182,65714,affordable_now,full_payment,2025-08-05:65714,2025-08-05,none,"You can make the extra loan payment of ZAR 65,714 now, and you'll still have at least ZAR 31,100 available for essential expenses over the next 90 days."
request_183,22999757.91,affordable_with_plan,installments,2026-04-10:9313546.67|2026-05-10:9313546.67|2026-06-09:9313546.67,2026-05-14,none,"You can cover the full repair cost by using 3 installments of IDR 9,313,546.67, starting on April 10, 2026, and still have at least IDR 11,878,300 left for your essential expenses."
request_184,7478.64,not_affordable,not_recommended,none,,none,"Paying this much toward the loan would not leave enough funds to maintain the minimum balance of INR 110,800 needed for the next 90 days."
request_185,417.23,affordable_later,wait,2026-01-13:1257.3,2026-01-13,none,"It's safer to wait until January 13, 2026, to book the trip and pay the full EUR 1,257.30. Paying sooner could put your EUR 1,300 minimum balance at risk."
request_186,11417.12,affordable_with_plan,wait,2026-03-15:26554,,reduce_to:event_17239:623.7,"It's safer to wait until 15 March 2026 and pay the full ZAR 26,554. Paying sooner could put the ZAR 22,000 minimum at risk, so you'll need to reduce your dining expenses to ZAR 623.7 to manage this."
request_187,37582.82,affordable_later,wait,2024-09-15:187500,2024-09-15,none,"Wait until September 15, 2024, to pay the full INR 187,500 for the membership. Paying sooner could put your INR 128,300 minimum at risk."
request_188,178.85,not_affordable,not_recommended,none,,none,You can't make this payment and still keep your minimum balance of EUR 900. No safe payment plan works within the next 90 days.
request_189,488.4,affordable_now,full_payment,2026-07-04:488.4,2026-07-04,none,Pay EUR 488.4 in full on 2026-07-04. This leaves at least EUR 400 available over the next 90 days.
request_190,540.61,not_affordable,not_recommended,none,,none,You shouldn't make this payment right now. There's no safe way to cover the laptop while keeping your minimum balance of EUR 1600 protected over the next 90 days.
request_191,664.4,affordable_now,full_payment,2025-05-03:664.4,2025-05-03,none,Pay EUR 664.4 in full on 2025-05-03. This leaves at least EUR 500 available over the next 90 days.
request_192,239.27,not_affordable,not_recommended,none,,none,You shouldn't make this payment because there's no safe way to keep your minimum balance of USD 1000 protected over the next 90 days.
request_193,36.53,affordable_with_plan,installments,2024-03-21:420.23|2024-04-21:420.23|2024-05-22:420.23,2024-04-17,none,"You can take the membership by paying in 3 installments of EUR 420.23, starting on March 21, 2024, and still keep at least EUR 1000 as your minimum balance."
request_194,33517.97,affordable_later,wait,2025-10-24:132800,2025-10-24,none,"You can cover the deposit of INR 132,800 by waiting until October 24, 2025, to pay it in full. Paying sooner would risk not having enough for your rent and regular bills, which require at least INR 113,600."
request_195,964.13,not_affordable,not_recommended,none,2026-03-15,none,You shouldn't make this payment because no safe payment plan will keep your minimum balance of EUR 700 protected over the next 90 days.
request_196,762.3,affordable_now,full_payment,2024-06-03:762.3,2024-06-03,none,Paying EUR 762.30 for the laptop today will still leave you with at least EUR 500 for your regular expenses over the next 90 days.
request_197,50939000,affordable_with_plan,installments,2025-11-19:17658853.33|2025-12-17:17658853.33|2026-01-14:17658853.33,2025-11-05,none,"Use 3 installments of IDR 17658853.33, starting 2025-11-19. This leaves at least IDR 26245900 available."
request_198,185800,affordable_now,full_payment,2026-07-07:185800,2026-07-07,none,Pay INR 185800 in full on 2026-07-07. This leaves at least INR 124300 available over the next 90 days.
request_199,23674000,affordable_with_plan,installments,2024-09-07:8206986.67|2024-10-08:8206986.67|2024-11-08:8206986.67,2024-09-04,none,"Use 3 installments of IDR 8206986.67, starting 2024-09-07. This leaves at least IDR 25359500 available."
request_200,21717000,affordable_now,full_payment,2025-02-06:21717000,2025-02-06,none,"You can safely cover the full price of the laptop, IDR 21,717,000, today, as you have at least IDR 20,114,600 available over the next 90 days."
request_201,23997000,affordable_now,full_payment,2026-04-03:23997000,2026-04-03,none,Pay IDR 23997000 in full on 2026-04-03. This leaves at least IDR 17304500 available over the next 90 days.
request_202,123900,affordable_now,full_payment,2024-12-05:123900,2024-12-05,none,Pay INR 123900 in full on 2024-12-05. This leaves at least INR 147800 available over the next 90 days.
request_203,1442.1,affordable_with_plan,installments,2025-05-10:499.93|2025-06-07:499.93|2025-07-05:499.93,2025-05-07,none,"You can cover the full repair by paying in 3 installments of EUR 499.93, starting on May 10, 2025, and still have at least EUR 1400 left for your essential expenses."
request_204,570.6,affordable_later,wait,2026-01-14:588.74,2026-01-14,none,"You can cover the EUR 588.74 rental deposit on January 14, 2026, without risking your rent and regular bills, but paying it sooner would put your EUR 1300 minimum at risk."
request_205,10621000,affordable_now,full_payment,2024-03-06:10621000,2024-03-06,none,"You can pay the additional loan amount of IDR 10,621,000 without risking your upcoming bills, as you will still have at least IDR 13,994,300 available over the next 90 days."
request_206,1404.7,affordable_with_plan,installments,2025-08-03:486.96|2025-08-31:486.96|2025-09-28:486.96,2025-08-03,none,"You should send the money in 3 installments of EUR 486.96, starting on August 3, 2025. This way, you'll have at least EUR 900 available throughout the process."
request_207,4632.25,affordable_later,wait,2026-07-15:11830,2026-07-15,none,"You can make the full transfer of ZAR 11,830 without falling short on your own bills, but wait until July 15, 2026, to do so. Paying any sooner could put your ZAR 13,600 minimum at risk."
request_208,3127485.92,affordable_later,wait,2024-06-14:4413000,2024-06-14,none,"Wait until June 14, 2024, to book the trip and pay the full amount of IDR 4,413,000. Paying sooner could jeopardize your ability to cover your usual expenses, which require at least IDR 10,470,700."
request_209,1766.84,not_affordable,not_recommended,none,,none,You shouldn't make this payment because there's no safe way to keep your minimum balance of ZAR 18400 protected over the next 90 days.
request_210,986.75,affordable_with_plan,partial_payment,2026-04-06:986.75|2026-04-14:373.27,2026-04-14,none,Pay USD 986.75 now and USD 373.27 on 2026-04-14. This completes the full request and keeps the USD 2000 minimum protected.
request_211,252.47,affordable_later,wait,2024-11-16:1788.6,2024-11-16,none,"It's best to wait until November 16, 2024, to pay the full EUR 1,788.60 for the annual membership. Paying sooner could risk falling below the EUR 1,500 minimum."
request_212,6181596.18,not_affordable,not_recommended,none,,none,"Committing to the annual membership would not leave enough funds for your upcoming bills, as no safe payment plan can protect the minimum balance of IDR 29,579,800 within the next 90 days."
request_213,3362.4,affordable_with_plan,installments,2026-01-21:1165.63|2026-02-20:1165.63|2026-03-22:1165.63,2026-01-07,none,"You can complete the family transfer by using 3 installments of USD 1165.63, starting on January 21, 2026, and still keep your minimum balance of USD 2100."
request_214,42283.19,affordable_with_plan,partial_payment,2024-12-04:42283.19|2024-12-16:27466.81,2024-12-16,none,"You can pay INR 42,283.19 now and the remaining INR 27,466.81 on December 16, 2024, to complete the full membership fee while keeping the minimum of INR 1,74,900 protected."
request_215,29986,affordable_with_plan,installments,2025-05-09:10395.15|2025-06-06:10395.15|2025-07-04:10395.15,2025-05-06,none,"Use 3 installments of ZAR 10395.15, starting 2025-05-09. This leaves at least ZAR 15700 available."
request_216,489.02,affordable_with_plan,wait,2026-09-13:3332.4,,reduce_to:event_19943:44,"Paying for the trip now would put your minimum balance at risk, so it's best to wait until September 13, 2026, and reduce your spending on bakery and snacks to $44."
request_217,19477.38,affordable_with_plan,installments,2024-03-19:12889.07|2024-04-19:12889.07|2024-05-20:12889.07,,reduce_to:event_20045:663.3,"You can afford the full trip without putting your upcoming bills at risk by using 3 installments of ZAR 12,889.07, starting on March 19, 2024. This will leave you with at least ZAR 26,800 available, but you'll need to reduce your dining budget to ZAR 663.3."
request_218,25858266.1,affordable_with_plan,installments,2025-08-07:21195893.33|2025-09-04:21195893.33|2025-10-02:21195893.33,2025-09-15,none,"Use 3 installments of IDR 21195893.33, starting 2025-08-07. This leaves at least IDR 34477200 available."
request_219,1358.08,affordable_with_plan,installments,2026-04-07:580.01|2026-05-07:580.01|2026-06-06:580.01,2026-04-15,none,"Use 3 installments of EUR 580.01, starting 2026-04-07. This leaves at least EUR 1100 available."
request_220,68.48,not_affordable,not_recommended,none,,none,Do not make this payment. No safe payment plan keeps the EUR 1100 minimum balance protected within the next 90 days.
request_221,109800,affordable_now,full_payment,2025-11-03:109800,2025-11-03,none,Pay INR 109800 in full on 2025-11-03. This leaves at least INR 81500 available over the next 90 days.
request_222,34078,affordable_now,full_payment,2026-01-05:34078,2026-01-05,none,Pay ZAR 34078 in full on 2026-01-05. This leaves at least ZAR 27300 available over the next 90 days.
request_223,898.7,affordable_now,full_payment,2024-09-07:898.7,2024-09-07,none,Pay EUR 898.7 in full on 2024-09-07. This leaves at least EUR 800 available over the next 90 days.
request_224,10327000,affordable_with_plan,installments,2025-02-04:5370040|2025-03-04:5370040,2025-02-04,none,"You can safely put IDR 5,370,040 toward the booking today, and you'll have another IDR 22,187,600 available afterward."
request_225,9710716.16,affordable_with_plan,installments,2026-07-20:7647120|2026-08-19:7647120|2026-09-18:7647120,2026-09-13,none,"You can split the payment into 3 installments of IDR 7,647,120, starting on July 20, 2026, which will leave you with at least IDR 17,670,700 available."
request_226,121001.86,affordable_later,wait,2025-02-21:157000,2025-02-21,none,"It's best to wait until February 21, 2025, to pay the full INR 157,000 for the membership. Paying any sooner could risk falling below the minimum balance of INR 209,400."
request_227,7482.1,not_affordable,not_recommended,none,,none,Do not make this payment. No safe payment plan keeps the INR 62900 minimum balance protected within the next 90 days.
request_228,6479213.28,affordable_later,wait,2026-05-10:63327000,2026-05-10,none,"You should wait until May 10, 2026, to invest the full IDR 63,327,000 to avoid going below your minimum balance of IDR 26,191,200."
request_229,466.72,affordable_with_plan,installments,2024-03-18:529.29|2024-04-18:529.29|2024-05-19:529.29,2024-05-18,none,"You can safely put EUR 529.29 toward the booking today, as this will leave you with at least EUR 1000 available."
request_230,0,not_affordable,not_recommended,none,,none,Making this payment would put your upcoming bills at risk because there's no safe way to keep the EUR 2000 minimum balance protected within the next 90 days.
request_231,31581.52,affordable_with_plan,installments,2026-01-06:12378.08|2026-02-05:12378.08|2026-03-07:12378.08,2026-03-18,reduce_to:event_21305:845.9,"Use 3 installments of ZAR 12378.08, starting 2026-01-06. This leaves at least ZAR 24300 available. This requires reducing Quick-service meal (dining) to ZAR 845.9."
request_232,840.26,affordable_later,wait,2024-06-14:1970.1,2024-06-14,none,"You can afford the full trip cost of EUR 1,970.10 by waiting until June 14, 2024, to pay. Paying sooner would risk falling below your EUR 2,400 minimum."
request_233,3757732.13,affordable_with_plan,partial_payment,2025-11-07:3757732.13|2025-11-15:2483267.87,2025-11-15,none,Pay IDR 3757732.13 now and IDR 2483267.87 on 2025-11-15. This completes the full request and keeps the IDR 10365700 minimum protected.
request_234,183.14,affordable_later,wait,2026-09-13:1213.3,2026-09-13,none,"Wait until September 13, 2026, to pay the full EUR 1,213.30. Paying sooner could put your EUR 700 minimum at risk for the rest of the month."
request_235,967.2,affordable_now,full_payment,2024-09-06:967.2,2024-09-06,none,Pay USD 967.2 in full on 2024-09-06. This leaves at least USD 700 available over the next 90 days.
request_236,5808618.65,not_affordable,not_recommended,none,,none,"You should not make this payment as there is no safe way to keep your minimum balance of IDR 16,768,600 protected over the next 90 days."
request_237,23826000,affordable_now,full_payment,2026-04-05:23826000,2026-04-05,none,"Renewing the membership will cost IDR 23,826,000, but you'll still have at least IDR 22,431,500 left for your upcoming bills over the next 90 days."
request_238,0,not_affordable,not_recommended,none,,none,You should not make this payment as there is no safe way to keep your minimum balance of USD 700 protected over the next 90 days.
request_239,0,not_affordable,not_recommended,none,,none,Do not make this payment. No safe payment plan keeps the USD 600 minimum balance protected within the next 90 days.
request_240,13857.82,affordable_with_plan,partial_payment,2026-01-06:13857.82|2026-02-13:87342.18,2026-02-13,none,"It's safer to book the trip now by paying INR 13,857.82, which keeps the INR 52,800 minimum protected, and you'll pay the remaining INR 87,342.18 on February 13, 2026."
request_241,21052000,affordable_with_plan,installments,2024-03-17:7298026.67|2024-04-17:7298026.67|2024-05-18:7298026.67,2024-03-03,none,"You can send the money in 3 installments of IDR 7,298,026.67, starting on March 17, 2024. This way, you'll have at least IDR 19,252,000 still available."
request_242,26.96,not_affordable,not_recommended,none,,none,It's not safe to make this payment right now as there's no plan that keeps your minimum balance of EUR 600 protected over the next 90 days.
request_243,17468,affordable_now,full_payment,2026-07-07:17468,2026-07-07,none,"Yes, you can cover the full repair cost of ZAR 17,468 now and still have at least ZAR 19,900 available for your essential expenses over the next 90 days."
request_244,49918,affordable_now,full_payment,2024-06-04:49918,2024-06-04,none,"Sending ZAR 49,918 now will still leave you with at least ZAR 45,900 for your upcoming expenses over the next 90 days."
request_245,30587.06,affordable_later,wait,2025-11-14:128500,2025-11-14,none,"Wait until November 14, 2025, to pay the full amount of INR 128,500. Paying sooner could risk the minimum balance of INR 94,600."
request_246,64086,affordable_with_plan,installments,2026-04-03:22216.48|2026-05-03:22216.48|2026-06-02:22216.48,2026-04-03,none,"You can safely cover the full course fee by the deadline using 3 installments of ZAR 22,216.48, starting on April 3, 2026, which will leave you with at least ZAR 39,300 available."
request_247,1059.3,affordable_now,full_payment,2024-09-05:1059.3,2024-09-05,none,Pay EUR 1059.3 in full on 2024-09-05. This leaves at least EUR 1300 available over the next 90 days.
request_248,1133.89,affordable_with_plan,partial_payment,2025-02-07:1133.89|2025-02-20:831.71,2025-02-20,none,"You can invest USD 1,133.89 today without dropping below your minimum balance of USD 1,300. The remaining USD 831.71 will be due on February 20, 2025."
request_249,127.74,affordable_later,wait,2026-03-15:643.2,2026-03-15,none,"It's best to wait until March 15, 2026, to pay the full membership fee of USD 643.20. Paying sooner could risk dipping below your USD 600 minimum."
request_250,15480.02,affordable_with_plan,partial_payment,2024-12-06:15480.02|2025-01-15:108797.98,2025-01-15,none,"You can pay ZAR 15,480.02 now and ZAR 108,797.98 on 15 January 2025 to clear the additional amount without risking your upcoming bills, as this keeps your ZAR 35,300 minimum protected."
request_251,1513.6,not_affordable,not_recommended,none,2025-05-03,none,It's not safe to cover the full course fee by the deadline because no payment plan can keep your EUR 1300 minimum balance protected within the next 90 days.
request_252,3858724.62,affordable_later,wait,2026-09-13:28082000,2026-09-13,none,"You can make the full transfer of IDR 28,082,000 to your family on September 13, 2026, without falling short on your own bills. Paying any sooner would risk dipping below your minimum balance of IDR 15,152,200."
request_253,1364.29,affordable_with_plan,installments,2024-03-21:984.6|2024-04-21:984.6|2024-05-22:984.6,2024-05-18,none,Paying the full deposit in 3 installments of EUR 984.6 each will still leave you with at least EUR 2300 available for your other commitments.
request_254,874.04,affordable_later,wait,2025-10-13:3535.2,2025-10-13,none,"It's best to wait until October 13, 2025, to pay the full membership fee of USD 3,535.20. Paying sooner could risk dipping below your USD 2,500 minimum."
request_255,3345000,affordable_now,full_payment,2026-04-06:3345000,2026-04-06,none,"You can safely send IDR 3,345,000 to your family today, as this will still leave you with at least IDR 9,813,900 available over the next 90 days."
request_256,162038.18,affordable_with_plan,installments,2024-06-10:75816|2024-07-11:75816|2024-08-11:75816,2024-06-14,none,"It's safer to invest in 3 installments of INR 75,816, starting on June 10, 2024. This way, you'll still have at least INR 168,600 available."
request_257,345.09,affordable_later,wait,2026-01-16:1352.4,2026-01-16,none,"Paying the full USD 1,352.40 for the membership on 2026-01-16 will keep you above your USD 1,600 minimum, but paying sooner would put that at risk."
request_258,72.54,not_affordable,not_recommended,none,,none,You shouldn't make this payment because there's no safe way to keep your minimum balance of USD 500 protected over the next 90 days.
request_259,493.03,affordable_later,wait,2024-10-14:935,2024-10-14,none,"Wait until October 14, 2024, to pay the full membership fee of EUR 935. Paying sooner could put your EUR 600 minimum at risk."
request_260,8354662.19,not_affordable,not_recommended,none,,none,"It's best not to make this payment right now, as no safe payment plan can protect your minimum balance of IDR 20,727,700 over the next 90 days."
request_261,1830.4,affordable_now,full_payment,2026-07-03:1830.4,2026-07-03,none,Pay EUR 1830.4 in full on 2026-07-03. This leaves at least EUR 1500 available over the next 90 days.
request_262,0,not_affordable,not_recommended,none,,none,"It's best not to make this payment right now, as there's no safe way to keep your minimum balance of IDR 31,018,500 protected within the next 90 days."
request_263,7212.06,affordable_with_plan,partial_payment,2025-05-07:7212.06|2025-06-15:44333.94,2025-06-15,none,"If you pay ZAR 7212.06 now and ZAR 44333.94 by 15 June 2025, you'll meet the full payment requirement while keeping the ZAR 24100 minimum protected."
request_264,23020.12,affordable_later,wait,2026-06-13:111300,2026-06-13,none,"Paying the repair bill today would put you below the INR 59,500 minimum balance you need to keep. It's best to wait until June 13, 2026, to pay the full INR 111,300."
request_265,45970,affordable_now,full_payment,2024-03-06:45970,2024-03-06,none,"You can safely send INR 45,970 to your family today, and you'll still have at least INR 189,700 available over the next 90 days."
request_266,935,affordable_with_plan,installments,2025-08-03:324.13|2025-08-31:324.13|2025-09-28:324.13,2025-08-03,none,"It's safer to invest in 3 installments of EUR 324.13, starting on August 3, 2025. This way, you'll still have at least EUR 900 available."
request_267,1634.99,affordable_with_plan,installments,2026-01-08:667.33|2026-02-07:667.33|2026-03-09:667.33,2026-02-13,stop:event_24573,"You can safely pay EUR 667.33 today as part of your rental deposit, which will leave you with at least EUR 1500 available. Just remember to stop your Family streaming plan to manage your finances."
request_268,1036.61,affordable_with_plan,installments,2024-06-14:841.22|2024-07-15:841.22|2024-08-15:841.22,2024-07-14,none,"You can put an extra EUR 1,400 toward the loan today."
request_269,9838.75,affordable_later,wait,2025-12-15:15490,2025-12-15,none,"Paying the ZAR 15,490 now would put your minimum balance of ZAR 23,100 at risk, so it's best to wait until December 15, 2025."
request_270,0,not_affordable,not_recommended,none,,none,It's not safe to make this investment right now because you need to keep at least USD 1400 as a minimum balance for the next 90 days.
request_271,6407.28,not_affordable,not_recommended,none,,none,"Paying for the trip now would drop your balance below the minimum required, so it's not safe to make this payment."
request_272,6004587.68,affordable_with_plan,installments,2025-02-12:4709466.67|2025-03-12:4709466.67|2025-04-09:4709466.67,2025-03-16,none,"Use 3 installments of IDR 4709466.67, starting 2025-02-12. This leaves at least IDR 7508600 available."
request_273,9576848.05,affordable_with_plan,partial_payment,2026-04-07:9576848.05|2026-04-14:6284151.95,2026-04-14,none,Pay IDR 9576848.05 now and IDR 6284151.95 on 2026-04-14. This completes the full request and keeps the IDR 18774600 minimum protected.
request_274,2130.33,affordable_with_plan,installments,2024-12-04:940.75|2025-01-04:940.75|2025-02-04:940.75,2025-01-16,reduce_to:event_25181:51.6,"Use 3 installments of EUR 940.75, starting 2024-12-04. This leaves at least EUR 1800 available. This requires reducing Clothing and household items (shopping) to EUR 51.6."
request_275,15884000,affordable_now,full_payment,2025-05-06:15884000,2025-05-06,none,Pay IDR 15884000 in full on 2025-05-06. This leaves at least IDR 12760100 available over the next 90 days.
